From,To,Relationship
Crop: banana,Andaman and Nicobar Islands,grows in
Crop: banana,Full Year,grows in
Crop: banana,Andhra Pradesh,grows in
Crop: banana,Assam,grows in
Crop: banana,Spring,grows in
Crop: banana,Bihar,grows in
Crop: banana,Chhattisgarh,grows in
Crop: banana,Dadra and Nagar Haveli,grows in
Crop: banana,Winter,grows in
Crop: banana,Autumn,grows in
Crop: banana,Goa,grows in
Crop: banana,Gujarat,grows in
Crop: banana,Haryana,grows in
Crop: banana,Karnataka,grows in
Crop: banana,Kerala,grows in
Crop: banana,Madhya Pradesh,grows in
Crop: banana,Maharashtra,grows in
Crop: banana,Manipur,grows in
Crop: banana,Fall,grows in
Crop: banana,Summer,grows in
Crop: banana,Meghalaya,grows in
Crop: banana,Puducherry,grows in
Crop: banana,Rajasthan,grows in
Crop: banana,Tamil Nadu,grows in
Crop: banana,Telangana ,grows in
Crop: banana,Uttar Pradesh,grows in
